NAME,EMAIL,PHONE_NUMBER,DATE
Godfrey,gbissell0@imgur.com,281-859-2529,2/17/2024
Clay,cashwell1@wix.com,972-687-5070,6/9/2023
Serge,sbaumber2@senate.gov,277-934-9803,2/12/2024
Hesther,hommundsen3@facebook.com,688-441-2237,9/19/2023
Edmon,ehurlston4@yahoo.co.jp,544-455-7465,12/11/2023
Lorilee,lhazel5@deviantart.com,903-454-8671,11/5/2023
Miguela,mbrownsall6@symantec.com,549-348-0833,5/22/2023
Marji,mboog7@foxnews.com,898-394-1641,11/20/2023
Renae,rcopozio8@storify.com,167-499-0355,2/29/2024
Vivienne,vwordsley9@discovery.com,318-265-5875,1/7/2024
Brewer,bmaclucaisa@lulu.com,926-747-3064,8/2/2023
Mariska,malonsob@yelp.com,755-589-0957,12/14/2023
Anestassia,apauletc@youtu.be,719-548-5248,2/11/2024
Aeriel,agaitd@usatoday.com,335-628-6465,8/16/2023
Bren,bstoacleye@wisc.edu,891-312-8759,12/1/2023
Bentley,brembaudf@webeden.co.uk,166-501-0891,8/27/2023
Madelyn,mcolbrong@vimeo.com,727-413-5442,3/2/2024
Suzanne,sbrounsellh@last.fm,805-953-5894,12/24/2023
Dagny,dleymani@vkontakte.ru,622-691-3053,8/8/2023
Erasmus,edahlerj@java.com,923-682-0319,10/15/2023
Lorain,leacottk@squarespace.com,435-654-4642,5/23/2023
Robyn,rridell@bravesites.com,453-579-1619,11/27/2023
Aubrie,awisniewskim@moonfruit.com,904-469-9937,8/21/2023
Adina,amacenellyn@nih.gov,422-808-8660,11/11/2023
Seana,sbaino@wikimedia.org,575-538-3532,6/27/2023
Nannette,nbecraftp@sitemeter.com,552-361-4961,1/3/2024
Garvy,glehrleq@senate.gov,124-203-9065,7/9/2023
Dorene,dwebermannr@intel.com,676-408-0852,2/10/2024
Taber,tmaciejaks@cnbc.com,639-185-0720,5/27/2023
Naoma,ncoltert@noaa.gov,152-254-1256,5/18/2023
Romona,roshaughnessyu@unc.edu,214-577-7772,9/4/2023
Anson,agierokv@wordpress.org,922-615-9229,12/17/2023
Georg,gudenw@163.com,876-192-1519,7/26/2023
Alyosha,asheehanx@springer.com,532-200-9304,11/1/2023
Alex,ahenzery@wikispaces.com,414-910-0690,3/4/2024
Marianna,mlauderdalez@webs.com,169-316-1814,4/30/2023
Dinah,ddominguez10@thetimes.co.uk,935-903-7399,4/3/2023
Bernita,bbraitling11@meetup.com,612-164-1866,10/9/2023
Hunt,hcordall12@instagram.com,759-998-2850,5/2/2023
Claudian,cklosterman13@google.nl,918-996-3279,6/9/2023
Angelia,astreak14@ning.com,510-723-1705,6/4/2023
Allina,acharlick15@hugedomains.com,864-732-0278,12/3/2023
Claudie,ctesmond16@redcross.org,963-190-7546,8/19/2023
Chad,caleksashin17@gov.uk,176-191-5802,12/26/2023
Desdemona,dgrinyakin18@uol.com.br,158-449-2189,6/14/2023
Truda,twildsmith19@ftc.gov,569-290-9189,5/26/2023
Dare,dwebsdale1a@squarespace.com,301-729-1846,12/22/2023
Izak,isumner1b@addtoany.com,715-717-3482,7/25/2023
Nobe,ngiovannardi1c@woothemes.com,429-535-8315,9/6/2023
Bertine,bgrinyakin1d@amazonaws.com,112-875-7902,3/13/2023
Andris,aoglesbee1e@spiegel.de,725-811-0253,5/11/2023
Linell,lbordone1f@nasa.gov,326-953-0697,8/28/2023
Kissiah,kfricke1g@biblegateway.com,485-620-3091,7/2/2023
Korie,kstallon1h@dell.com,328-753-4792,1/5/2024
Jammie,jingray1i@angelfire.com,501-324-2273,6/18/2023
Cassondra,cshillito1j@mashable.com,493-174-2199,9/5/2023
Phyllys,pfullalove1k@ted.com,571-671-6502,5/16/2023
Selena,squesne1l@nsw.gov.au,254-194-2120,10/14/2023
Bernardine,bdairton1m@devhub.com,645-903-3232,11/2/2023
Ronna,rpowley1n@amazon.co.uk,574-271-0527,8/4/2023
Danielle,dgoade1o@arizona.edu,212-938-0222,12/18/2023
Hobard,hbrookhouse1p@si.edu,635-221-8412,6/1/2023
Elli,ebeesey1q@dailymail.co.uk,604-750-8499,1/2/2024
Audry,agrenfell1r@businesswire.com,682-500-7013,5/18/2023
Cash,clotze1s@wikipedia.org,297-969-9995,4/23/2023
Elka,emourant1t@bigcartel.com,570-213-9978,10/21/2023
Sibel,ssporgeon1u@is.gd,319-206-3870,12/21/2023
Emmie,ecraxford1v@typepad.com,792-525-4794,5/11/2023
Laurene,lbatchley1w@blogs.com,185-361-4083,3/11/2024
Mel,mottiwill1x@wikimedia.org,398-764-9666,6/3/2023
Amber,acadge1y@artisteer.com,463-667-4390,6/27/2023
Claiborn,cswindin1z@free.fr,402-558-3562,7/5/2023
Salome,singlish20@engadget.com,782-692-1876,3/20/2023
Tuck,thacquel21@nbcnews.com,811-698-2829,7/8/2023
Stephi,spelos22@nytimes.com,142-831-6735,6/5/2023
Lexine,lflode23@yellowbook.com,487-995-2117,9/10/2023
Lissi,llydiate24@mapy.cz,487-189-1685,11/1/2023
Avictor,amoggle25@kickstarter.com,688-738-9961,7/7/2023
Gusty,gwarrilow26@ft.com,197-491-5449,5/15/2023
Dale,doilier27@eventbrite.com,563-475-6858,5/9/2023
Angelina,aferonet28@unc.edu,346-297-9519,10/5/2023
Filippo,fpenk29@cnbc.com,323-791-9344,5/12/2023
Rivi,ryerlett2a@photobucket.com,478-591-9211,9/23/2023
Tiffanie,tokroy2b@abc.net.au,285-124-1275,2/10/2024
Philip,pingham2c@redcross.org,113-862-9037,4/7/2023
Riannon,rpetru2d@indiegogo.com,519-333-9466,6/15/2023
Belicia,bschott2e@taobao.com,443-452-8931,11/20/2023
Gilberte,girnis2f@utexas.edu,116-241-3125,12/22/2023
Welby,wtousey2g@slideshare.net,505-140-3634,9/7/2023
Brady,bbirrell2h@bigcartel.com,676-683-8648,11/27/2023
Shea,spratley2i@printfriendly.com,967-829-5678,5/11/2023
Elizabeth,etunna2j@trellian.com,624-315-6478,4/26/2023
Waldemar,wfriedlos2k@ning.com,269-233-6279,12/13/2023
Rafa,rphilo2l@mediafire.com,479-179-8809,9/12/2023
Adorne,afarres2m@cornell.edu,911-308-3292,12/14/2023
Vanna,vfolkerd2n@gizmodo.com,364-341-4702,6/4/2023
Kyla,kkendrick2o@army.mil,881-827-6799,9/25/2023
Coleen,ccrowd2p@rediff.com,116-517-9534,4/10/2023
Kristin,kbatrop2q@blogtalkradio.com,264-371-7492,2/27/2024
Siegfried,sphelipeau2r@shinystat.com,154-580-8718,12/21/2023
Gardy,gthyng2s@devhub.com,422-677-9986,10/17/2023
Harri,heveleigh2t@imageshack.us,212-169-9836,4/25/2023
Iona,ithurlow2u@quantcast.com,190-630-9590,2/25/2024
Forest,fokennavain2v@marriott.com,547-653-6038,7/16/2023
Harley,hlakin2w@bing.com,946-205-5826,10/13/2023
Joeann,janlay2x@ehow.com,814-869-7127,12/10/2023
Diane-marie,dmacgarrity2y@usa.gov,309-741-9812,3/16/2023
Herb,hdineen2z@mozilla.org,535-926-8026,11/18/2023
Vittorio,vharvey30@ted.com,200-325-5689,10/21/2023
Myrle,mkingsman31@youtube.com,565-458-6092,5/17/2023
Aveline,amingame32@adobe.com,268-877-8933,9/19/2023
Maurise,mmanchett33@earthlink.net,377-521-0776,9/8/2023
Angelo,akeniwell34@bloomberg.com,938-826-1721,9/20/2023
Aube,askewes35@stanford.edu,270-598-8464,12/16/2023
Yurik,yhellier36@sakura.ne.jp,486-109-2252,12/26/2023
Rosemaria,rfrayling37@google.es,719-145-8779,9/26/2023
Rikki,rpratchett38@arstechnica.com,846-959-1236,9/15/2023
Elonore,efrantz39@unc.edu,115-746-4635,8/17/2023
Abba,agethins3a@addtoany.com,305-203-6005,7/4/2023
Ynez,yhecks3b@msu.edu,548-144-0875,2/18/2024
Dela,dexrol3c@illinois.edu,485-386-8755,12/30/2023
Jillian,jpeal3d@examiner.com,422-921-3532,6/13/2023
Gerhardt,gmeasor3e@etsy.com,614-730-6669,3/16/2023
Westbrook,wmcallan3f@is.gd,680-123-2325,2/8/2024
Daniel,dslym3g@yellowpages.com,820-514-2705,3/8/2024
Hallsy,hsheahan3h@nature.com,285-801-6483,5/17/2023
Sherwynd,scrannell3i@comsenz.com,910-943-2046,10/10/2023
Fernandina,fbrigdale3j@github.io,827-917-3373,11/6/2023
Wesley,wfotherby3k@google.ca,757-980-4959,4/5/2023
Nessy,nbigland3l@e-recht24.de,374-364-8462,8/5/2023
Bar,bgwalter3m@webnode.com,112-660-5838,9/7/2023
Filippo,ftumbelty3n@samsung.com,633-784-8700,6/15/2023
Shannah,spinwill3o@behance.net,429-691-6347,3/5/2024
Aime,acrosthwaite3p@spotify.com,289-892-0583,2/25/2024
Jasmine,jchamp3q@icio.us,729-879-1796,12/21/2023
Stormy,smurcott3r@google.com.au,582-782-0515,12/8/2023
Mickie,mamey3s@upenn.edu,199-407-8233,9/26/2023
Eugenius,easpole3t@techcrunch.com,918-118-7851,12/8/2023
Gaynor,gbaptista3u@yahoo.co.jp,303-886-5387,12/7/2023
Marty,mbenyon3v@webeden.co.uk,916-969-8957,1/6/2024
Rosanne,rjoan3w@omniture.com,745-374-3694,11/8/2023
Con,cedwinson3x@businessinsider.com,217-304-3246,10/2/2023
Rebecca,rjagger3y@chronoengine.com,971-367-2372,12/9/2023
Jilli,jdugald3z@ft.com,130-446-2412,5/29/2023
Rorie,rmeddows40@paginegialle.it,554-631-1867,9/21/2023
Artie,abengough41@independent.co.uk,474-465-2868,8/11/2023
Brianne,blockley42@abc.net.au,378-647-8431,12/12/2023
Dominic,dletchford43@google.com.hk,615-480-2854,2/29/2024
Frasquito,fcourtman44@delicious.com,532-152-0096,11/4/2023
Standford,ssquibbs45@irs.gov,250-657-2009,2/8/2024
Lianne,lpreece46@nbcnews.com,326-222-9382,8/10/2023
Wilfrid,wplumridge47@homestead.com,581-582-0150,11/13/2023
Lynnett,lcasoni48@deviantart.com,971-700-6968,11/20/2023
Damon,driseam49@stumbleupon.com,493-408-0088,8/14/2023
Izaak,ihowson4a@noaa.gov,579-843-4137,2/1/2024
Collete,crochewell4b@discovery.com,950-329-2249,3/31/2023
Amity,asondland4c@icq.com,339-986-8369,7/13/2023
Henryetta,hwarton4d@constantcontact.com,177-114-2697,2/9/2024
Pollyanna,pgammidge4e@technorati.com,366-313-5824,8/31/2023
Temple,twybourne4f@list-manage.com,542-323-7521,11/12/2023
Alexine,amatzaitis4g@newsvine.com,895-167-3577,4/10/2023
Desmond,djekel4h@1688.com,850-299-1713,2/17/2024
Carson,cmaccardle4i@ycombinator.com,991-592-1911,6/24/2023
Ravi,rvautier4j@google.com.br,364-673-2040,9/21/2023
Jenifer,jsargeant4k@mtv.com,519-651-3554,7/29/2023
Martica,mpatershall4l@cmu.edu,518-703-2789,7/23/2023
Irina,iortler4m@mac.com,886-401-7137,9/26/2023
Laurena,ldreschler4n@umich.edu,229-739-3587,10/27/2023
Minerva,msalterne4o@1und1.de,518-299-1090,10/6/2023
Ellerey,ewakeham4p@acquirethisname.com,480-889-7958,1/26/2024
Delaney,dmichallat4q@merriam-webster.com,936-873-7021,12/21/2023
Rock,rworsnip4r@hugedomains.com,264-200-4730,7/31/2023
Cully,cgreenhow4s@house.gov,491-842-2992,7/4/2023
Alexa,arispin4t@g.co,432-532-5456,4/2/2023
Fredi,ffontel4u@go.com,684-605-5113,2/14/2024
Langston,laldwich4v@amazon.de,468-899-4661,7/12/2023
Martainn,mbairnsfather4w@google.co.jp,546-152-0531,11/30/2023
Andriana,acoltart4x@addtoany.com,695-555-8125,10/28/2023
Rhoda,rcalverd4y@oakley.com,559-283-5078,6/24/2023
Gus,ghelin4z@jalbum.net,813-725-3619,2/14/2024
Blakeley,ballport50@reddit.com,648-224-3691,9/10/2023
Datha,dromeril51@arizona.edu,878-418-9917,4/29/2023
Menard,mshew52@usda.gov,676-186-7617,7/3/2023
Wadsworth,wkupker53@google.cn,792-727-6749,5/20/2023
Lynett,lbedburrow54@last.fm,861-471-1396,6/7/2023
Trish,tthirtle55@nsw.gov.au,873-767-7982,3/7/2024
Candide,comannion56@umich.edu,389-145-5228,3/11/2024
Shantee,sloveridge57@blogger.com,281-480-3402,5/3/2023
Jermayne,jbritcher58@pcworld.com,747-755-8676,12/10/2023
Sauncho,sspeke59@123-reg.co.uk,644-293-3938,11/26/2023
Waite,wrouse5a@phpbb.com,904-174-8543,12/4/2023
Byram,blamplough5b@huffingtonpost.com,748-894-6528,1/7/2024
Darnall,dluckwell5c@delicious.com,650-160-1537,6/30/2023
Melinde,mkohtler5d@webmd.com,484-472-2979,4/4/2023
Michael,mschwieso5e@who.int,313-248-0666,2/5/2024
Darrell,dkitlee5f@webnode.com,594-133-1935,1/18/2024
Hubey,htilzey5g@ow.ly,829-110-4999,12/4/2023
Fabian,fburchnall5h@wiley.com,933-797-7327,11/25/2023
Raleigh,rmolden5i@aboutads.info,704-770-6734,10/28/2023
Valerye,vbengle5j@addtoany.com,276-998-5406,10/30/2023
Mavra,mzannuto5k@google.nl,950-747-5200,4/7/2023
Evan,eshyre5l@free.fr,645-810-6769,1/21/2024
Darlene,dwarrack5m@amazon.de,966-358-2923,2/8/2024
Welch,wmottinelli5n@nih.gov,977-626-9916,6/30/2023
Agnese,aboggas5o@npr.org,229-392-6220,5/31/2023
Hildy,hsparks5p@etsy.com,712-790-8596,3/17/2023
Bertrando,bpetley5q@wordpress.org,726-682-6392,12/26/2023
Mady,mbutchart5r@dyndns.org,831-776-6058,2/13/2024
Ram,rdukelow5s@google.de,405-435-2643,3/10/2024
Roselle,rhellis5t@scientificamerican.com,668-599-6591,7/2/2023
Ruy,rsire5u@tamu.edu,721-664-9414,12/30/2023
Theressa,trubenchik5v@plala.or.jp,847-257-3251,6/18/2023
Ardenia,abaldock5w@uiuc.edu,584-402-3730,12/14/2023
Gray,gjovicevic5x@discuz.net,695-892-3758,6/17/2023
Keelia,kkleinberer5y@cafepress.com,201-790-3759,4/15/2023
Guenevere,gtighe5z@eventbrite.com,554-352-3840,3/20/2023
Gilberta,gheninghem60@nymag.com,725-482-7775,10/15/2023
Felita,fcussen61@smugmug.com,563-345-1906,2/14/2024
Elysee,eweddeburn62@amazon.de,820-262-4766,1/22/2024
Temple,twillimot63@networkadvertising.org,973-771-5983,11/8/2023
Garret,gpail64@diigo.com,208-391-0318,11/27/2023
Brigit,beccleston65@hao123.com,799-206-7686,8/20/2023
Odell,olampen66@comcast.net,817-759-1172,4/30/2023
Oswald,odragge67@liveinternet.ru,695-830-1616,2/1/2024
Georgia,gheymann68@sakura.ne.jp,132-291-8700,8/1/2023
Dun,dstrelitz69@wired.com,733-510-9064,4/1/2023
Johann,jharmson6a@seattletimes.com,536-177-2938,11/13/2023
Seka,sturfrey6b@chicagotribune.com,591-419-8512,6/3/2023
Brnaba,bwratten6c@cdc.gov,828-537-1105,10/23/2023
Shermy,srosso6d@eepurl.com,818-612-5946,6/16/2023
Annadiane,amcconachie6e@businesswire.com,429-212-3270,1/30/2024
Hammad,halflatt6f@nih.gov,841-679-1944,3/27/2023
Karel,kwooff6g@businesswire.com,246-507-1025,6/18/2023
Elijah,edibaudi6h@bluehost.com,348-903-9512,11/7/2023
Muire,mlapslie6i@sfgate.com,548-521-6400,9/11/2023
Jayme,jcupitt6j@lycos.com,934-367-3192,11/14/2023
Haskel,hfourman6k@unesco.org,275-283-8138,3/28/2023
Crissy,cdanielsson6l@rambler.ru,550-451-1136,8/11/2023
Brigg,bvolage6m@wufoo.com,216-738-6930,7/25/2023
Ozzie,ocossell6n@oakley.com,148-882-3875,11/22/2023
Reube,rgoadsby6o@so-net.ne.jp,958-122-6268,6/21/2023
Zelma,zcram6p@boston.com,848-289-6589,5/3/2023
Rutter,rchasney6q@shareasale.com,923-182-6760,11/26/2023
Pris,pgrief6r@china.com.cn,371-811-3175,8/17/2023
Bette,bmourton6s@google.cn,313-296-0865,12/27/2023
Catharina,cgreeding6t@yolasite.com,275-779-0951,1/27/2024
Karna,kwalwood6u@pinterest.com,198-780-8967,10/14/2023
Ashby,aculy6v@xinhuanet.com,216-660-0001,8/1/2023
Marinna,mbearfoot6w@instagram.com,423-752-9745,1/10/2024
Madella,mmccook6x@who.int,450-622-0191,7/27/2023
Lilith,ldufore6y@sciencedirect.com,131-172-1009,3/26/2023
Dougy,dholhouse6z@telegraph.co.uk,767-588-2188,5/17/2023
Reggie,rharman70@ed.gov,726-346-5075,10/12/2023
Rees,rmorrad71@zimbio.com,275-685-4313,11/20/2023
Mattie,mdeschlein72@meetup.com,250-693-7466,4/3/2023
Olvan,okainz73@4shared.com,209-292-4430,3/19/2023
Emelita,ebruni74@yahoo.co.jp,362-613-3813,2/3/2024
Milicent,mpattle75@woothemes.com,539-986-8139,9/29/2023
Gizela,gawin76@plala.or.jp,102-421-6018,3/20/2023
Lanny,lwollacott77@nationalgeographic.com,718-181-9230,9/15/2023
Roman,rtremblot78@163.com,433-978-9626,7/5/2023
Vivianna,vbessett79@bloomberg.com,969-919-5472,6/29/2023
Wilfred,wklainer7a@rediff.com,992-538-2690,7/1/2023
Myrtia,msenechell7b@narod.ru,731-167-4471,3/28/2023
Culver,cwhitehall7c@cdc.gov,627-407-6498,9/14/2023
Thorvald,tconsidine7d@drupal.org,300-368-8334,12/7/2023
Bogey,bpulley7e@addtoany.com,246-934-9032,8/23/2023
Shay,squeree7f@amazon.co.uk,915-342-6320,4/12/2023
Marlane,mknath7g@lulu.com,386-809-2506,10/18/2023
Ad,aeggleson7h@mashable.com,373-671-8178,7/3/2023
Dodi,dberthomier7i@mit.edu,608-149-8129,11/9/2023
Wilton,wtandey7j@marriott.com,702-860-9624,10/4/2023
Ahmed,adooney7k@jiathis.com,515-333-4360,5/6/2023
Tabitha,tjanczewski7l@mlb.com,321-738-1808,7/15/2023
Emmy,ealbury7m@seesaa.net,547-838-6071,3/2/2024
Cloris,cankrett7n@arizona.edu,709-981-8902,5/1/2023
Giles,gpiscot7o@sina.com.cn,920-805-8639,9/6/2023
Abner,amacaloren7p@unblog.fr,411-544-7936,9/21/2023
Lyndsay,lmincher7q@topsy.com,872-671-7395,6/25/2023
Otis,opeealess7r@newyorker.com,708-454-0566,10/28/2023
Leona,lalelsandrowicz7s@domainmarket.com,343-197-4711,3/27/2023
Sigismondo,spioli7t@networkadvertising.org,328-708-6878,3/3/2024
Avivah,agostage7u@sitemeter.com,903-313-9739,1/20/2024
Nerti,naldhouse7v@bloglines.com,526-399-9443,2/19/2024
Sutton,schampion7w@dyndns.org,530-683-3737,6/21/2023
Vanya,vwaldera7x@posterous.com,166-982-8719,6/1/2023
Del,dblanshard7y@purevolume.com,593-934-9763,3/10/2024
Barris,bherity7z@seattletimes.com,231-413-1233,7/15/2023
Archy,abeggin80@rediff.com,337-188-0985,5/17/2023
Carlene,chalmkin81@dell.com,918-756-8066,4/10/2023
Phip,ppocknell82@craigslist.org,351-897-8508,11/20/2023
Abbey,aspat83@japanpost.jp,347-726-0611,8/20/2023
Imelda,ifontel84@prlog.org,623-219-5626,9/10/2023
Isidore,ihasely85@blogtalkradio.com,163-127-1539,8/19/2023
Easter,ekettleson86@printfriendly.com,906-983-6243,7/20/2023
Gilberte,garkill87@shop-pro.jp,118-272-2925,7/8/2023
Bailie,bbaldwin88@mozilla.org,922-871-6160,2/17/2024
Nels,ncoultass89@naver.com,296-237-9147,4/6/2023
Gerek,ghebden8a@umich.edu,507-636-3851,5/13/2023
Laure,lwhaymand8b@ovh.net,978-899-5085,2/9/2024
Jobie,jsantino8c@cdbaby.com,597-892-4820,8/24/2023
Mortie,msheather8d@mlb.com,602-860-2363,9/30/2023
Henderson,hjankovic8e@cafepress.com,866-701-5452,11/30/2023
Taite,tgavigan8f@ucoz.ru,989-323-4874,5/4/2023
Leonanie,lduddell8g@unesco.org,220-572-9787,8/18/2023
Florrie,fqualtro8h@japanpost.jp,439-529-3987,5/31/2023
Rubin,rbuckam8i@privacy.gov.au,334-575-3070,9/4/2023
Frans,fcopley8j@simplemachines.org,679-625-2263,6/13/2023
Stormi,spatinkin8k@networkadvertising.org,163-583-8804,8/3/2023
Birk,bcollick8l@skype.com,930-916-8218,4/21/2023
Sayre,shannah8m@marketwatch.com,474-210-6645,7/28/2023
Sybille,ssnellman8n@scribd.com,201-495-7847,8/26/2023
Ambros,adufton8o@last.fm,677-360-5677,6/16/2023
Alex,askinley8p@deliciousdays.com,698-464-1698,6/24/2023
Gretel,gdoe8q@merriam-webster.com,473-477-2258,6/16/2023
Wade,wgimblett8r@army.mil,962-869-1797,12/26/2023
Tim,tvanderson8s@printfriendly.com,848-214-7621,12/11/2023
Fran,fdanihelka8t@rediff.com,293-162-0888,3/21/2023
Eloise,ehankins8u@whitehouse.gov,279-355-1145,4/2/2023
Lambert,lacey8v@ibm.com,312-800-2913,1/7/2024
Norton,nclaus8w@gov.uk,870-257-2660,8/28/2023
Cherri,cgyorgy8x@stanford.edu,809-852-4737,8/21/2023
Tabbitha,tmelloi8y@miitbeian.gov.cn,308-843-6072,9/22/2023
Adorne,aroloff8z@unicef.org,413-784-3023,9/10/2023
Englebert,ebails90@china.com.cn,292-305-3399,3/13/2023
Lilllie,lbartrap91@kickstarter.com,930-686-0548,3/12/2023
Gisella,glowndes92@miibeian.gov.cn,192-326-5073,12/16/2023
Harcourt,hsawell93@creativecommons.org,585-591-7368,1/17/2024
Byran,bsherringham94@salon.com,253-889-0178,10/9/2023
Gearard,gruddle95@tinypic.com,588-246-8148,2/20/2024
Tomasine,tkynan96@google.it,582-245-4292,8/18/2023
Marylynne,mbroggetti97@list-manage.com,872-464-0308,2/8/2024
Foss,fflarity98@ted.com,745-649-6232,8/30/2023
Horace,hadamini99@soundcloud.com,662-466-9731,7/15/2023
Callie,cgutherson9a@imageshack.us,666-167-3634,3/14/2023
Portie,pkillelay9b@about.com,520-220-9949,12/8/2023
Stu,sseldner9c@topsy.com,326-114-8086,5/31/2023
Anestassia,ahatfull9d@netlog.com,791-529-8660,2/19/2024
Aubree,ahysom9e@oakley.com,536-735-9506,3/16/2023
Bailey,bcrossland9f@state.tx.us,680-422-2937,7/27/2023
Collete,cgoodricke9g@wikipedia.org,413-286-8036,9/7/2023
Diane-marie,dguyton9h@china.com.cn,565-282-0463,5/10/2023
Bennie,belford9i@illinois.edu,992-747-5337,9/16/2023
Corrinne,cempson9j@webeden.co.uk,285-771-0674,10/28/2023
Marianna,mholborn9k@reverbnation.com,725-942-0638,11/16/2023
Kevin,keagger9l@springer.com,694-315-2050,11/18/2023
Benjy,bbreagan9m@hugedomains.com,295-262-4240,4/7/2023
Tilly,tshipston9n@nhs.uk,332-669-9495,7/9/2023
Claudia,csubhan9o@cbc.ca,202-675-5271,6/20/2023
Jan,jlemm9p@list-manage.com,792-100-2859,8/21/2023
Maryanne,mlowre9q@ning.com,694-165-2771,12/2/2023
Estele,eluc9r@drupal.org,274-803-7219,1/1/2024
Sada,skennicott9s@nasa.gov,959-465-4199,1/15/2024
Lindie,lbenkin9t@springer.com,273-330-1239,5/22/2023
Eleanor,eportchmouth9u@cargocollective.com,704-742-6274,5/31/2023
Heath,hbarracks9v@washington.edu,730-346-8965,5/21/2023
Basilius,bbutson9w@theglobeandmail.com,941-460-6967,9/24/2023
Kaine,kbitterton9x@example.com,400-430-5567,2/16/2024
Drew,dnadin9y@cnbc.com,653-199-5912,10/14/2023
Meridel,mgrumell9z@hexun.com,712-853-0263,2/18/2024
Amby,awanella0@aol.com,703-876-7889,5/7/2023
Lauritz,ldilkesa1@npr.org,201-277-3093,7/15/2023
Dacia,dmallyaa2@typepad.com,294-720-2493,2/18/2024
Dunc,dickova3@businessweek.com,723-857-8024,5/7/2023
Jill,jkelbya4@youtu.be,921-311-0605,2/5/2024
Harlie,hvegasa5@wikipedia.org,233-801-9188,7/26/2023
Dietrich,dlearoida6@aboutads.info,924-718-8913,6/7/2023
Antonetta,alambilliona7@marriott.com,277-391-9034,9/20/2023
Ethelda,evitterya8@nbcnews.com,446-304-0624,12/18/2023
Alexis,ahalbarda9@freewebs.com,166-828-1221,3/10/2024
Sydney,sredmanaa@blogs.com,592-346-6531,10/19/2023
Laurene,lburehillab@tinypic.com,617-436-2049,4/4/2023
Jed,jfrankesac@nih.gov,870-878-2851,3/9/2024
Emory,ejenkinsonad@wordpress.com,701-568-7028,7/27/2023
Felecia,fjerramae@sogou.com,422-580-4479,2/9/2024
Merilyn,mschubuseraf@indiatimes.com,548-498-8259,9/27/2023
Fernando,fstlouisag@sourceforge.net,330-859-4791,8/24/2023
Zolly,zdorganah@youtu.be,531-119-9620,5/12/2023
Latisha,lbittertonai@live.com,749-880-3907,1/14/2024
Demott,dsammonsaj@salon.com,283-884-2633,12/14/2023
Jessalin,jbreydinak@msu.edu,224-724-9424,9/15/2023
Ceciley,cnieldal@usgs.gov,898-989-1931,6/26/2023
Leigh,lgerholdam@symantec.com,482-654-2926,1/11/2024
Tiff,thalladeyan@loc.gov,733-355-3756,6/5/2023
Thorsten,tfussieao@yellowpages.com,857-874-0090,11/27/2023
Sibylla,sphilippap@state.tx.us,231-145-0182,9/4/2023
Jourdain,jhysomaq@scribd.com,399-244-3133,9/24/2023
Sapphire,ssawyerar@woothemes.com,143-966-2297,8/16/2023
Gisela,gflecknellas@howstuffworks.com,331-916-9174,12/20/2023
Cordie,cchadbourneat@pen.io,997-311-7925,7/14/2023
Paco,pmcalarneyau@jiathis.com,984-477-8011,3/15/2023
Jeniffer,jmacavddyav@un.org,416-451-5785,4/19/2023
Osborn,ofanninaw@engadget.com,323-531-2120,2/26/2024
Audy,ageereax@jigsy.com,302-351-8022,8/14/2023
Korry,ksellanday@canalblog.com,762-719-1074,3/17/2023
Zachery,zcooaz@kickstarter.com,866-274-7880,12/5/2023
Timothee,tmonkleyb0@businessweek.com,749-226-7092,4/27/2023
Marnie,mkleinhautb1@prweb.com,720-574-0931,11/27/2023
Clemens,cbreaganb2@networkadvertising.org,723-863-9370,12/1/2023
Jeana,jdastb3@fastcompany.com,932-580-9451,9/22/2023
Nikki,nbutfieldb4@github.com,904-480-9118,4/30/2023
Findlay,fgowrichb5@spiegel.de,444-477-7620,10/13/2023
Gerik,gbattsb6@alibaba.com,591-597-6014,1/25/2024
Mufi,mdorkinsb7@paginegialle.it,903-123-4841,5/26/2023
Natka,nmaccookb8@booking.com,442-497-3231,5/10/2023
Row,rhancornb9@pinterest.com,406-717-9288,8/23/2023
Margalo,mmcglashanba@usa.gov,714-155-0936,12/20/2023
Axe,amicheubb@cam.ac.uk,825-295-5628,9/10/2023
Dickie,dsutherbybc@nydailynews.com,186-320-2249,2/23/2024
Eamon,eshuardbd@go.com,532-653-3147,1/27/2024
Alma,arissobe@illinois.edu,250-613-1597,3/11/2024
Kandy,kminardbf@weebly.com,872-327-9990,12/4/2023
Rogers,rsketbg@bizjournals.com,274-865-4281,6/16/2023
Aubrey,atomaszynskibh@timesonline.co.uk,367-856-1284,7/8/2023
Tore,tspeeksbi@so-net.ne.jp,200-440-2784,9/28/2023
Jere,jrummerbj@trellian.com,910-486-0618,7/29/2023
Janean,jrowthornbk@mit.edu,580-238-0389,3/4/2024
Ariel,adefreitasbl@soundcloud.com,780-222-5752,8/28/2023
Arabelle,astookesbm@scientificamerican.com,905-506-8756,8/9/2023
Prince,pgellibrandbn@nbcnews.com,539-681-4862,7/5/2023
Cammy,cchillingsworthbo@oaic.gov.au,571-548-6569,4/15/2023
King,kblanchardbp@unicef.org,454-555-2113,11/4/2023
Casar,cparrybq@prweb.com,307-699-0076,2/20/2024
Bidget,bjaillerbr@un.org,894-821-5069,8/23/2023
Aland,abisleybs@vinaora.com,714-213-5139,8/19/2023
Laverne,ldanigelbt@com.com,217-596-6352,1/24/2024
Clementine,cscogingsbu@reference.com,936-141-6669,12/8/2023
Wilie,wrendlebv@berkeley.edu,639-541-3357,7/16/2023
Kettie,kloraitbw@livejournal.com,599-880-4163,3/13/2023
Lorrie,lmeakingbx@oaic.gov.au,768-124-9348,1/29/2024
Maddalena,mquailby@dailymail.co.uk,446-416-3485,1/15/2024
Ysabel,ychungbz@guardian.co.uk,823-247-5790,8/11/2023
Annnora,areddc0@discovery.com,336-111-7117,2/19/2024
Keelby,kswallwellc1@google.com.au,180-161-1794,10/3/2023
Alison,acoxhellc2@netlog.com,634-703-1852,10/20/2023
Sayres,sgatheridgec3@addthis.com,177-725-1151,3/14/2023
Dede,dboustredc4@ft.com,231-598-5116,1/9/2024
Lorry,lmacconnellc5@xinhuanet.com,438-904-9978,4/2/2023
Rozina,rmenaulc6@sina.com.cn,144-845-1460,8/13/2023
Vinita,vgurgec7@japanpost.jp,672-372-6432,4/23/2023
Liam,lmaulinc8@fotki.com,615-591-4229,2/8/2024
Dagny,dsargintc9@multiply.com,389-643-1088,4/16/2023
Haydon,hdaneluttica@jimdo.com,977-675-9609,9/1/2023
Nari,ncadamycb@acquirethisname.com,621-723-0275,7/1/2023
Lynsey,lbohlingcc@studiopress.com,211-943-1523,10/31/2023
Beatriz,bbagshawecd@dyndns.org,113-190-1702,3/17/2023
Casey,cschadece@rakuten.co.jp,620-958-6894,6/30/2023
Yance,ykirleycf@ebay.com,966-514-6214,12/15/2023
Dorthy,dbeadecg@diigo.com,179-240-9730,7/25/2023
Page,pvaughtonch@bloglovin.com,191-577-4568,7/9/2023
Isis,ihannawayci@imgur.com,543-939-0905,10/15/2023
Shell,sstruttcj@wunderground.com,596-906-3790,6/29/2023
Claiborn,cnaisbyck@example.com,114-516-8188,2/13/2024
Jennine,jmcminncl@si.edu,651-268-1157,1/6/2024
Paxton,pgillattcm@hhs.gov,199-689-7173,9/4/2023
Tilly,tsheekeycn@indiatimes.com,495-396-1809,6/30/2023
Alley,abaguleyco@amazon.co.uk,970-839-3502,3/31/2023
Fern,fblincowcp@weebly.com,772-327-9437,1/7/2024
Lelia,lfolonincq@squidoo.com,902-484-9532,2/13/2024
Ingrim,iellorcr@irs.gov,371-546-0710,2/4/2024
Sunshine,savelinecs@blinklist.com,831-998-0439,2/11/2024
Meredeth,msainsburybrownct@chronoengine.com,480-239-2211,9/11/2023
Eddie,egudgeoncu@dedecms.com,230-848-1418,3/23/2023
Kirstin,kshaycv@so-net.ne.jp,975-345-6557,4/26/2023
Anetta,abramwichcw@amazon.co.uk,624-371-8771,4/5/2023
Chip,ckellowaycx@hao123.com,163-204-0904,2/17/2024
Renault,rmormancy@friendfeed.com,155-667-0340,1/10/2024
Darn,dglazercz@earthlink.net,634-540-3530,10/31/2023
Lynsey,lphilippsond0@delicious.com,587-307-5649,10/22/2023
Keene,kscogingsd1@unblog.fr,600-633-8089,7/8/2023
Darbie,dperelld2@delicious.com,946-968-2933,12/2/2023
Tawnya,tjanzd3@kickstarter.com,991-635-6955,5/3/2023
Fredek,fcastellettod4@springer.com,895-444-1233,3/1/2024
Sheppard,swarnerd5@addthis.com,444-796-0002,1/2/2024
Leonelle,lcotond6@sfgate.com,135-504-6108,6/26/2023
Arne,acaberasd7@geocities.jp,437-635-5126,9/23/2023
Dore,dclamod8@acquirethisname.com,664-259-4221,1/28/2024
Gavan,gkemped9@prnewswire.com,657-807-4837,4/30/2023
Arliene,asickertda@bloglines.com,590-455-6427,2/9/2024
Tamarah,tjakubowskydb@gnu.org,933-539-9012,3/8/2024
Zelda,zdanzeydc@slashdot.org,182-877-6087,8/27/2023
Harbert,hacomdd@hao123.com,740-309-2992,1/1/2024
Corena,cansteysde@canalblog.com,290-619-8720,2/20/2024
Morgen,mloraindf@wisc.edu,338-416-8533,5/6/2023
Avril,agrunnelldg@google.ca,922-266-3340,5/5/2023
Nicky,nbrumptondh@dailymotion.com,187-638-8981,7/4/2023
Deidre,dcresserdi@sourceforge.net,195-403-2171,8/4/2023
Bink,bfortnumdj@pinterest.com,720-203-4223,2/10/2024
Hermie,hcarthydk@narod.ru,442-103-0431,7/23/2023
Matthew,mmeredithdl@google.com.au,478-498-3511,3/14/2023
Parker,pcoultousdm@ask.com,552-266-4595,2/26/2024
Parker,pstannisdn@omniture.com,851-327-4698,12/29/2023
Lilyan,lkoenendo@a8.net,929-813-5793,1/9/2024
Jamal,jlayburndp@ovh.net,122-887-9186,11/29/2023
Ailene,apughdq@fc2.com,177-814-2019,3/18/2023
Nissa,nhannendr@furl.net,530-444-4791,12/1/2023
Lewie,louldds@com.com,958-774-9013,4/6/2023
Leland,ldoakdt@paypal.com,971-116-5223,8/22/2023
Grant,grudyarddu@creativecommons.org,275-598-4281,2/23/2024
Denney,dcoggeshalldv@patch.com,225-463-4294,5/11/2023
Sampson,sdymockdw@marketwatch.com,553-537-2686,7/16/2023
Sybilla,sgrebnerdx@nih.gov,964-663-7181,8/24/2023
Gaby,gduguiddy@fda.gov,988-355-2321,10/4/2023
Maribelle,mpomfretdz@kickstarter.com,106-788-6054,6/10/2023
Lauren,lblasonie0@statcounter.com,292-228-0036,8/29/2023
Wilbert,wskewese1@boston.com,134-740-4438,1/13/2024
Salomo,scolviee2@cnn.com,408-776-6471,7/7/2023
Bing,bglasspoolee3@yahoo.com,157-158-9945,8/26/2023
Etan,eostlere4@issuu.com,330-990-8653,1/12/2024
Saundra,ssavelle5@odnoklassniki.ru,228-627-2841,8/21/2023
Saraann,sguivere6@whitehouse.gov,500-306-3989,11/2/2023
Shandie,sstadinge7@squarespace.com,240-896-9204,3/14/2023
Alf,agliddone8@abc.net.au,649-823-9642,9/21/2023
Lucille,lbigadikee9@google.fr,987-121-5845,7/23/2023
Lorinda,lpierceyea@amazon.com,409-329-3922,5/20/2023
Judi,jfowlereb@theatlantic.com,146-557-1967,7/18/2023
Bordie,bpeacheyec@rambler.ru,299-590-9863,3/15/2023
Ramsay,rhintzered@clickbank.net,175-602-2288,3/15/2023
Ariana,adurnallee@japanpost.jp,307-247-2979,10/5/2023
Nanny,nbillingsef@mapquest.com,598-985-2767,1/27/2024
Had,hpoveleeg@cargocollective.com,987-912-7805,9/22/2023
Isahella,ipepperdeh@hc360.com,361-527-7015,12/9/2023
Wallie,wmcenhillei@wordpress.org,748-778-7688,2/12/2024
Neddy,nedwickerej@unesco.org,141-787-7332,2/17/2024
Conn,cdhenninek@friendfeed.com,480-423-7152,3/13/2023
Terrell,truberyel@tinypic.com,359-748-1941,1/28/2024
Loren,lrambleem@yahoo.co.jp,122-150-2523,1/24/2024
Ardine,amacnalleyen@artisteer.com,713-161-7273,2/13/2024
Ferdie,fvangiffeneo@rakuten.co.jp,843-960-5886,8/24/2023
Barris,bschwierep@webs.com,368-797-5490,10/20/2023
Meagan,msuggateeq@businessweek.com,191-246-2643,4/21/2023
Vevay,vnunsoner@qq.com,364-686-2143,8/5/2023
Celinda,csimaoes@elegantthemes.com,104-420-9794,1/23/2024
Brian,bllopet@csmonitor.com,897-262-2345,1/22/2024
Archibald,awymereu@tmall.com,123-201-4662,9/7/2023
Molly,mdoggrellev@mysql.com,402-685-5530,7/5/2023
Ashton,amawneew@independent.co.uk,881-161-6700,9/13/2023
Dottie,dhighmanex@berkeley.edu,986-409-0257,8/9/2023
Hewitt,hdigglesey@nature.com,509-841-3401,7/17/2023
Gabbie,gdilworthez@networkadvertising.org,345-111-5657,1/3/2024
Basilio,bcoppenf0@google.co.uk,579-394-1773,8/20/2023
Helga,hgullenf1@quantcast.com,943-917-6127,9/20/2023
Marika,mhryniewiczf2@ustream.tv,652-994-2599,2/2/2024
Cinda,cjazef3@msu.edu,179-106-7155,4/2/2023
Bat,bknillf4@chronoengine.com,495-369-3353,2/19/2024
Gardener,gwaisf5@usatoday.com,213-467-9822,5/27/2023
Sara-ann,sfowgiesf6@china.com.cn,194-689-5607,12/5/2023
Fitz,fedmandf7@oaic.gov.au,258-866-7513,8/21/2023
Branden,bjergf8@stumbleupon.com,408-655-2405,9/17/2023
Biron,bgauvinf9@gravatar.com,549-251-1406,8/12/2023
Emera,epickupfa@imgur.com,809-394-1682,11/9/2023
Naomi,naronstamfb@yandex.ru,945-947-0912,4/17/2023
Florella,fferridayfc@huffingtonpost.com,805-385-4060,5/11/2023
Wit,wgymlettfd@webs.com,689-242-0433,12/14/2023
Kimbra,kotsonfe@smh.com.au,917-820-0577,4/8/2023
Aurel,apresshaughff@com.com,683-825-5241,2/17/2024
Billy,bkensholefg@businessweek.com,568-201-0124,6/26/2023
Emelita,ecattellfh@tripod.com,522-779-9668,1/6/2024
Melodee,mruseworthfi@topsy.com,380-626-8057,2/7/2024
Kira,kgossopfj@github.com,427-614-0631,11/19/2023
Stace,saroninfk@ask.com,701-699-1326,10/26/2023
Emili,edarmodyfl@ebay.co.uk,752-406-1893,2/25/2024
Kane,klightbownfm@freewebs.com,794-516-9431,12/13/2023
Keven,kheathfieldfn@ycombinator.com,964-875-6170,3/27/2023
Simone,sreanfo@un.org,805-966-1438,6/23/2023
Anson,ayannikovfp@t.co,146-967-5085,9/5/2023
Sherm,saldersonfq@dyndns.org,319-737-7252,4/3/2023
Dorie,dfitchellfr@ocn.ne.jp,486-559-1725,7/3/2023
Luca,lfazakerleyfs@github.com,662-614-7183,8/27/2023
Yoko,yiamittiift@t.co,319-789-4984,1/3/2024
Tomasina,ttomeifu@latimes.com,689-469-2623,12/15/2023
Farand,fshevlanfv@last.fm,419-687-4018,4/26/2023
Gualterio,gdelayglesiasfw@jalbum.net,754-287-5517,4/28/2023
Adolf,akiplingfx@dot.gov,337-288-2423,1/6/2024
Norby,nsimicfy@mtv.com,756-849-0111,2/3/2024
Eleonora,efollingfz@fema.gov,860-247-2846,10/2/2023
Daphne,dtwistg0@bravesites.com,912-850-9056,2/8/2024
Anabal,avanderweedenburgg1@dot.gov,221-930-6938,2/21/2024
Suzanna,spontg2@virginia.edu,724-103-2562,9/25/2023
Danny,dgowansong3@google.ru,428-942-9502,10/25/2023
Estrella,elemarieg4@twitpic.com,356-880-8293,12/16/2023
Steven,sframminghamg5@sphinn.com,759-226-3838,9/9/2023
Bard,bshellidayg6@earthlink.net,540-407-0044,7/20/2023
Palm,pgounyg7@shop-pro.jp,886-171-9114,12/2/2023
Ernestine,emeeg8@blogger.com,763-203-7627,2/16/2024
Agace,arobersong9@geocities.jp,389-911-6071,11/26/2023
Wallace,wbenadettega@columbia.edu,397-103-6338,3/14/2023
Nikaniki,nhowerdgb@imgur.com,548-200-7071,7/23/2023
Ludvig,logroganegc@pinterest.com,217-162-9232,6/4/2023
Valery,vmccaughengd@goo.gl,706-644-1050,4/21/2023
Charissa,cfosdickge@abc.net.au,360-154-1753,5/3/2023
Reggy,rharmesgf@blog.com,913-314-3402,9/21/2023
Cordelia,cjeffressgg@hp.com,910-302-7643,3/17/2023
Ellery,eperllmangh@sbwire.com,205-321-3563,8/4/2023
Laina,ljewesgi@businessinsider.com,456-741-4601,6/1/2023
Hadria,hcowgj@ezinearticles.com,890-963-0071,6/12/2023
Euphemia,esimeonegk@mapquest.com,510-986-1171,10/9/2023
Edward,ekibelgl@toplist.cz,795-357-8072,6/8/2023
Cordey,cflynngm@nsw.gov.au,208-378-9050,4/13/2023
Albertina,aheersemagn@google.com.hk,270-752-0864,11/13/2023
Arliene,aberksgo@nbcnews.com,167-574-1384,9/29/2023
Lee,llittellgp@technorati.com,196-618-7767,3/13/2023
Shaun,smathwingq@dell.com,137-488-2253,8/12/2023
Daryl,dmarshlandgr@ocn.ne.jp,589-314-6313,3/18/2023
Mar,mgressgs@redcross.org,686-193-7441,5/7/2023
Gabey,gbauducciogt@t.co,889-579-3339,12/30/2023
Elmo,eburnettgu@telegraph.co.uk,868-133-3748,6/19/2023
Frank,fcastanosgv@w3.org,160-168-7258,9/13/2023
Mallorie,mwillfordgw@weather.com,820-567-4312,8/3/2023
Anastasia,acoygx@fda.gov,924-395-6663,7/19/2023
Sauncho,slaingmaidgy@myspace.com,947-971-9059,4/20/2023
Kipper,kyushkingz@guardian.co.uk,301-331-8597,9/28/2023
Sindee,sfulfordh0@springer.com,187-904-5886,10/14/2023
Othilia,olynetth1@123-reg.co.uk,141-368-7832,7/7/2023
Erika,echristyh2@biblegateway.com,510-646-6799,4/10/2023
Madalyn,mluchellih3@xrea.com,870-950-8558,6/1/2023
Thorndike,tjercheh4@biblegateway.com,986-900-7788,3/13/2023
Mahalia,mfrankissh5@cafepress.com,528-899-7633,3/28/2023
Maxie,mreckh6@yellowbook.com,425-231-3175,7/15/2023
Dorthea,dmccrumh7@ifeng.com,687-462-4392,5/23/2023
Isidore,ilorenzoh8@dmoz.org,558-852-0925,12/22/2023
Mart,mtarth9@amazon.co.uk,737-434-4556,4/15/2023
Randee,rmacneilleyha@cdc.gov,729-103-6015,5/21/2023
Babbie,bterbruggenhb@cargocollective.com,725-680-8001,4/4/2023
Hamel,herrowehc@globo.com,576-973-0985,9/23/2023
Reagan,rbendinghd@forbes.com,432-579-5377,6/1/2023
Anetta,agimlethe@twitter.com,205-257-3587,3/8/2024
Lorne,lkeadyhf@bbc.co.uk,849-125-1750,5/13/2023
Guido,groycehg@washington.edu,396-202-5297,10/29/2023
Noe,nkopischhh@psu.edu,633-644-7478,1/9/2024
Ervin,ewoolhousehi@home.pl,649-665-8865,7/7/2023
Jill,jcarragherhj@mozilla.org,536-130-4010,3/2/2024
Selena,spyfordhk@tripadvisor.com,260-766-1029,2/25/2024
Silas,slongridgehl@google.com.br,326-892-7466,6/1/2023
Cob,cgregsonhm@craigslist.org,872-691-4008,1/12/2024
Jamesy,jmustoehn@odnoklassniki.ru,878-613-1806,7/15/2023
June,jstenyngho@privacy.gov.au,203-628-4978,9/19/2023
Morena,mlemonhp@loc.gov,313-835-5679,10/14/2023
Sheffield,svercruyssehq@shinystat.com,404-961-3673,12/29/2023
Harbert,hklagemanhr@ocn.ne.jp,644-795-9615,11/13/2023
Cherin,ccaughtehs@zdnet.com,536-927-6822,4/24/2023
Rebecka,rkmietschht@joomla.org,453-857-6033,9/27/2023
Eyde,emeershu@pagesperso-orange.fr,988-728-9516,1/30/2024
Magdalena,mbottjerhv@mlb.com,848-328-9563,8/2/2023
Carlos,calabasterhw@networksolutions.com,298-908-3047,2/4/2024
Emily,epelchathx@seesaa.net,508-533-5475,12/14/2023
Burr,bkleynhy@jimdo.com,339-161-7026,7/17/2023
Marsiella,mscrimshirehz@sohu.com,723-394-8508,1/27/2024
Alena,aesslemonti0@ft.com,122-148-2691,10/30/2023
Melina,mdanieluti1@list-manage.com,841-313-2411,6/15/2023
Ike,ilathomi2@123-reg.co.uk,157-142-3113,11/10/2023
Lauralee,lwitheri3@hp.com,455-625-1573,10/17/2023
Davey,dcantoi4@reverbnation.com,222-917-7780,8/12/2023
Isidora,ibrundilli5@google.co.jp,127-486-7040,4/24/2023
Murray,mcockitti6@deviantart.com,664-605-7187,5/14/2023
Chic,ccarroli7@amazonaws.com,255-240-2827,11/20/2023
Lu,lpulli8@engadget.com,643-424-0947,9/12/2023
Dimitri,dstroyani9@imdb.com,669-286-1631,1/1/2024
Zechariah,zgravesia@elpais.com,762-791-4761,5/28/2023
Cele,cflawnib@slate.com,978-877-1152,12/29/2023
Howie,hyukhovic@liveinternet.ru,257-314-0926,4/8/2023
Wally,whambersid@uol.com.br,767-338-0848,4/22/2023
Floria,fthurbonie@smh.com.au,100-846-8309,7/18/2023
Norma,nulyatif@blogs.com,646-223-3580,11/9/2023
Bartholemy,bgrcicig@imgur.com,568-326-3915,5/1/2023
Roz,rriccoih@usatoday.com,233-214-3977,3/19/2023
Beatrice,bfroschii@irs.gov,686-205-3801,1/23/2024
Harald,halbertij@histats.com,610-145-0527,8/4/2023
Lorraine,lsmithsik@usa.gov,729-161-7661,12/19/2023
Welby,wtuffieldil@europa.eu,510-425-4874,8/14/2023
Maitilde,mbarnewallim@gov.uk,308-396-6173,4/13/2023
Ophelie,orushein@vk.com,477-176-8165,10/3/2023
Pamelina,pmattissonio@storify.com,863-567-5564,11/9/2023
Barnie,bloweip@bloomberg.com,812-897-5649,3/3/2024
Pavla,pcoattsiq@aol.com,272-240-3939,11/17/2023
Alanah,asteedir@archive.org,248-740-9535,2/8/2024
Josefina,jmccriskenis@sakura.ne.jp,589-809-1236,11/23/2023
Alis,acammoileit@bizjournals.com,246-331-1670,7/17/2023
Kat,kkybertiu@netscape.com,498-186-7459,3/3/2024
Brooke,broloffiv@w3.org,419-817-7285,8/26/2023
Ali,ayoxalliw@1und1.de,200-211-2177,1/2/2024
Pippy,ppriddyix@ucla.edu,936-778-6246,2/14/2024
Prescott,pguerreiy@wikispaces.com,709-718-8394,2/9/2024
Richy,rtirteiz@rakuten.co.jp,923-995-9147,8/27/2023
Murry,mrewbottomj0@usatoday.com,202-809-2821,11/11/2023
Tan,tstatersfieldj1@paypal.com,759-497-9112,2/16/2024
Edgardo,epirronej2@mlb.com,216-444-7588,10/26/2023
Gale,gfarryannj3@cnn.com,765-423-3351,8/2/2023
Del,dgirodonj4@bigcartel.com,874-234-6064,12/12/2023
Kellsie,kpactatj5@csmonitor.com,436-873-0379,3/25/2023
Valli,vfootej6@who.int,893-996-0424,10/6/2023
Dov,dgabbatj7@usa.gov,892-475-5035,6/18/2023
Marcel,mwoodyattj8@bravesites.com,373-327-1009,1/24/2024
Cate,cbienvenuj9@bing.com,235-692-9335,11/7/2023
Skippy,sstivenja@dagondesign.com,294-348-8820,2/17/2024
Giulietta,ghoonahanjb@naver.com,517-947-0180,9/26/2023
Kerwin,kwhopplesjc@theguardian.com,593-390-0658,2/23/2024
Judd,jchishulljd@webmd.com,947-831-1805,5/21/2023
Skell,scullinje@intel.com,569-151-4532,1/17/2024
Jeannette,jmucillojf@columbia.edu,637-652-3545,4/23/2023
Jesselyn,jgafferjg@dell.com,990-802-7034,4/16/2023
Bernie,blinwoodjh@mit.edu,687-116-9968,3/9/2024
Glynis,gkyndji@fema.gov,928-172-1406,4/3/2023
Stan,sgetchjj@vimeo.com,319-286-8250,6/5/2023
Garry,gstiddardjk@hud.gov,901-291-2433,2/19/2024
Emelia,ekendelljl@cpanel.net,727-807-5733,12/2/2023
Joscelin,jnaughtonjm@ft.com,284-720-3275,6/16/2023
Mattheus,mdranfieldjn@theguardian.com,415-522-5432,11/9/2023
Bamby,boverburyjo@parallels.com,278-594-1402,3/11/2024
Homerus,hpiccardjp@wordpress.com,450-561-8045,7/20/2023
Emilio,esummersbyjq@prnewswire.com,600-261-7859,11/13/2023
Lolita,lcursonsjr@cargocollective.com,454-779-3293,12/6/2023
Arlinda,ashavesjs@free.fr,280-952-6484,1/16/2024
Lotti,lneljesjt@linkedin.com,936-530-0006,9/26/2023
Kandy,kstoggellju@blogger.com,808-347-1753,1/11/2024
Jozef,jkettsjv@clickbank.net,453-912-0185,12/19/2023
Sherwood,smckaguejw@squarespace.com,134-114-2586,12/12/2023
Lazare,lorneblowjx@dell.com,392-238-3970,11/17/2023
Sidoney,srasejy@accuweather.com,170-884-8200,7/6/2023
Lorenzo,lposerjz@photobucket.com,850-613-7903,2/16/2024
Slade,spaulatk0@netlog.com,700-377-4235,5/25/2023
Chantal,cgeorgk1@meetup.com,185-613-9035,10/3/2023
Sandro,sparnbyk2@prlog.org,678-933-6561,2/7/2024
Reine,rpetherickk3@plala.or.jp,715-490-7439,5/22/2023
Dorey,dcarlissok4@msu.edu,568-554-0812,5/12/2023
Dannie,dleprovestk5@1688.com,325-520-5349,1/3/2024
Uriah,uivanisovk6@artisteer.com,147-438-0751,12/19/2023
Georgianna,gpenhaligonk7@ebay.com,338-920-8640,5/28/2023
Corbet,cmcgiffiek8@vimeo.com,278-846-4341,3/16/2023
Uriah,upeschmannk9@globo.com,965-256-0353,4/14/2023
Paolina,ptegginka@skyrock.com,505-134-5232,11/8/2023
Pegeen,pmcalindenkb@go.com,203-978-0609,2/14/2024
Keefe,kgundrykc@bloomberg.com,608-256-2117,5/25/2023
Thomasine,tlonglandkd@amazonaws.com,809-688-9728,11/7/2023
Bryn,bfilipicke@home.pl,117-111-5471,1/4/2024
Vanda,vharberkf@icio.us,371-536-2313,12/10/2023
Arvin,abittlesonkg@chronoengine.com,108-288-2763,4/12/2023
Waiter,wmcpaikkh@admin.ch,519-457-0548,10/7/2023
Sisely,ssuattki@go.com,823-804-2816,11/28/2023
Aile,abuglarkj@webs.com,514-981-6794,12/7/2023
Dorolice,dbestmankk@ibm.com,675-109-8599,10/22/2023
Gus,gcamamillkl@google.es,418-340-2508,1/14/2024
Peterus,poddykm@1und1.de,702-391-0039,3/21/2023
Ambrosio,aloughnankn@umich.edu,528-126-8401,11/13/2023
Brittani,bbrighouseko@blogger.com,303-637-4744,8/18/2023
Marchelle,mmadigankp@flickr.com,391-887-2491,6/29/2023
Joell,jdancekq@123-reg.co.uk,220-487-1664,8/21/2023
Velvet,vstorkeskr@amazonaws.com,618-114-5615,8/23/2023
Fanni,fbettesworthks@friendfeed.com,563-173-0488,5/1/2023
Damaris,devamykt@alibaba.com,989-996-4753,2/19/2024
Hashim,hfargeku@omniture.com,311-376-4927,12/16/2023
Bronnie,bfrankowskikv@squarespace.com,616-253-6414,7/20/2023
Constancy,cduchamkw@ca.gov,237-630-5723,11/15/2023
William,wcaudellkx@yandex.ru,972-538-8251,8/12/2023
Meryl,mcapaldoky@wisc.edu,329-695-7528,10/1/2023
Rosie,rlefortkz@yahoo.co.jp,121-181-5040,7/18/2023
Durward,dcrilleyl0@youtu.be,737-250-7610,10/2/2023
Melvyn,mferriesl1@t-online.de,591-252-5380,2/19/2024
Bondie,bwildorl2@gov.uk,130-362-7213,5/29/2023
Alford,apepperilll3@shop-pro.jp,137-541-0445,11/18/2023
Vivia,vgauvainl4@360.cn,183-482-6182,1/30/2024
Reggi,rdilgerl5@icio.us,732-495-4352,11/4/2023
Rochella,rguyetl6@webs.com,909-826-2313,11/26/2023
Duffie,dcleml7@ask.com,314-339-6273,8/30/2023
Ossie,ocolquhounl8@blogger.com,579-404-8335,4/26/2023
Helyn,hsomervillel9@eventbrite.com,815-480-1483,7/11/2023
Braden,bdezamudiola@people.com.cn,868-141-5673,8/2/2023
Dermot,dconantlb@cafepress.com,650-886-4788,2/25/2024
Tibold,tpyrahlc@china.com.cn,991-748-0439,6/12/2023
Hussein,htrembleld@sciencedirect.com,583-296-7797,9/19/2023
Vernen,vconyersle@wikispaces.com,603-335-8210,1/20/2024
Shanie,stebblf@intel.com,520-295-0544,5/7/2023
Roxine,rborellg@zimbio.com,570-293-0666,10/23/2023
Lucius,lwasselinlh@taobao.com,268-277-4346,5/17/2023
Coletta,cseefusli@google.nl,921-437-2699,7/6/2023
Keenan,kbonifaciolj@cbsnews.com,414-505-9666,5/22/2023
Gui,gcufleylk@feedburner.com,406-400-4637,7/24/2023
Vito,vyurchishinll@wikispaces.com,888-324-7164,9/6/2023
Manolo,mbroaderlm@technorati.com,188-967-7196,12/7/2023
Harmon,hmcgurnln@skype.com,450-215-7472,2/8/2024
Vere,vparkerlo@icq.com,729-150-8965,2/13/2024
Zelda,zlodekelp@yale.edu,156-906-4347,4/29/2023
Jennie,jkrinklq@cdc.gov,228-413-9432,11/27/2023
Shawnee,sbrusterlr@unesco.org,492-166-3879,10/28/2023
Ambrose,akleinstubls@123-reg.co.uk,516-351-1900,6/21/2023
Haywood,hruprichlt@rediff.com,802-992-5313,9/12/2023
Merci,mdornlu@mozilla.org,310-854-6035,3/1/2024
Marinna,mhansemannlv@wikispaces.com,680-102-4877,6/25/2023
Sharla,smanjinlw@rambler.ru,245-659-4045,6/10/2023
Reyna,renrichlx@bbc.co.uk,448-956-3151,10/24/2023
Andre,asandonly@cbc.ca,925-400-4840,8/6/2023
Inglebert,ijillisslz@webnode.com,195-232-1938,1/21/2024
Corliss,clatehousem0@oakley.com,179-595-3170,8/14/2023
Miller,mpeytom1@list-manage.com,920-470-9186,5/26/2023
Cherilynn,cyushankinm2@alexa.com,802-620-5695,5/12/2023
Hilary,hvenneym3@amazon.co.uk,664-620-3115,1/12/2024
Pepe,pshemminm4@bloomberg.com,893-285-3856,9/23/2023
Hugh,hbevensm5@alexa.com,793-193-5517,10/4/2023
Marcia,mschimannm6@slate.com,581-705-2516,2/27/2024
Shepherd,smatessianm7@oakley.com,543-703-8255,5/6/2023
Murray,mmaddrellm8@tripod.com,180-492-9622,3/21/2023
Johna,jupstellm9@miibeian.gov.cn,593-389-5427,12/30/2023
Gaylord,ggrubbema@taobao.com,724-364-4097,12/5/2023
Stern,srainemb@drupal.org,915-972-1916,3/8/2024
Anne-corinne,amewesmc@stumbleupon.com,816-989-5984,9/24/2023
Francklin,fculpenmd@1und1.de,740-929-7796,9/16/2023
Colleen,coverstoneme@arizona.edu,212-491-0902,7/20/2023
Alistair,aslatchermf@ca.gov,238-763-5055,6/4/2023
Karin,kmertgenmg@zdnet.com,524-473-4694,8/19/2023
Devy,ddudlestonemh@bbc.co.uk,175-681-3849,1/19/2024
Ileane,ihitschermi@forbes.com,341-497-4489,12/31/2023
Abel,agraviemj@chronoengine.com,524-111-2121,9/6/2023
Norma,ndziwiszmk@slate.com,191-297-7894,7/8/2023
Woody,wtheodorisml@deliciousdays.com,449-636-5664,7/24/2023
Leesa,lmiliffemm@unblog.fr,771-910-4080,7/22/2023
Diann,dgarawaymn@unicef.org,210-375-7834,9/26/2023
Friedrich,falvarezmo@artisteer.com,679-345-2517,4/5/2023
Jorie,jjakubowskimp@admin.ch,541-193-2849,2/7/2024
Kenn,kpymermq@ezinearticles.com,616-678-2472,4/14/2023
Paulo,pcurtainmr@fotki.com,612-982-7371,4/4/2023
Weylin,wrawoodms@goo.ne.jp,333-623-5680,9/22/2023
Lewes,lduddinmt@elegantthemes.com,773-275-1892,11/7/2023
Lura,lmclindenmu@twitpic.com,307-473-9904,7/24/2023
Lamar,lbenfordmv@diigo.com,695-806-1868,4/3/2023
Willey,wboardermw@lulu.com,367-941-2109,6/11/2023
Renie,rkantermx@weibo.com,244-248-8247,4/2/2023
Cheslie,chindenburgmy@army.mil,288-906-7089,9/7/2023
Merle,mblasgenmz@mozilla.com,142-640-3525,8/4/2023
Tommy,tgreadyn0@yahoo.co.jp,497-856-2534,5/1/2023
Aliza,askingleyn1@csmonitor.com,179-363-8335,2/12/2024
Darda,deyesn2@jigsy.com,564-285-6462,8/3/2023
Jan,jniecen3@dyndns.org,959-387-6355,8/17/2023
Vere,valkinn4@marketwatch.com,999-394-1169,11/8/2023
Velvet,vgreenhalln5@wufoo.com,609-157-4561,3/9/2024
Glynnis,gmccreaghn6@skyrock.com,494-793-6294,1/13/2024
Clo,cchandersn7@shareasale.com,110-868-3744,4/7/2023
Nata,ntimnyn8@xing.com,914-789-3388,2/29/2024
Vladamir,vcloughn9@constantcontact.com,442-235-9787,3/22/2023
Alyce,amoylerna@cisco.com,667-960-2352,9/30/2023
Christoper,cswatmannb@elegantthemes.com,536-480-4446,11/12/2023
Man,mlevershanc@gov.uk,147-897-8711,11/30/2023
Sutherlan,spedronnd@nyu.edu,147-444-4681,7/10/2023
Wileen,wprobertne@mapquest.com,181-112-4605,3/2/2024
Rosmunda,rferrandeznf@networksolutions.com,911-975-0303,11/1/2023
Corine,cdubsng@ifeng.com,747-179-8325,4/26/2023
Mira,mcicchinellinh@soundcloud.com,298-542-8276,12/30/2023
Rainer,rahrendni@ehow.com,110-609-3451,11/22/2023
Marven,msevittnj@mediafire.com,934-128-6459,10/16/2023
Edik,evarrennk@aboutads.info,914-976-3935,9/30/2023
Garrot,gmacleodnl@umich.edu,250-127-1140,6/5/2023
Vonnie,vdowsnm@cbc.ca,946-805-8875,11/23/2023
Maynard,mhendrichnn@ehow.com,174-831-4277,12/1/2023
Hervey,hleethamno@list-manage.com,236-955-3046,7/14/2023
Leeanne,ljansonnp@infoseek.co.jp,417-771-3419,4/1/2023
Cordelie,cshoobridgenq@squidoo.com,633-747-1229,1/11/2024
Austin,ashawenr@reuters.com,764-339-6984,7/7/2023
Bern,bmccombns@apache.org,310-251-4744,5/4/2023
Cheri,credgravent@xinhuanet.com,605-186-0372,5/26/2023
Walton,wmathewsnu@discovery.com,810-996-6782,8/4/2023
Fitzgerald,fbecknv@meetup.com,816-926-1593,10/12/2023
Silvio,sridoutnw@ovh.net,713-715-8425,7/4/2023
Euphemia,eguillemnx@wp.com,516-426-6624,12/7/2023
Bartel,bbassingdenny@accuweather.com,273-912-1279,10/6/2023
Agna,asammutnz@myspace.com,300-219-8607,8/15/2023
Gardener,gsquirrello0@twitter.com,453-373-3764,3/13/2023
Winslow,wryano1@sourceforge.net,320-630-9630,11/17/2023
Flossi,fcopeso2@list-manage.com,992-715-2167,10/22/2023
Gloria,gpollo3@flavors.me,215-181-5206,1/17/2024
Sacha,sericksono4@fc2.com,916-802-2573,8/16/2023
Ilyse,ihealeyo5@loc.gov,833-419-8757,2/13/2024
Henrieta,hburnero6@feedburner.com,252-360-7265,4/2/2023
Hymie,hcaltuno7@bravesites.com,357-594-9443,8/5/2023
Dulce,ddavydochkino8@github.io,407-648-6211,8/30/2023
Giovanna,ggoshawkeo9@icq.com,939-595-2264,10/10/2023
Farr,fyurocjkinoa@ed.gov,956-388-6428,10/3/2023
Cassy,cbelfittob@businessweek.com,789-543-1207,12/2/2023
Scotti,sglowachaoc@mediafire.com,927-835-9061,9/16/2023
Harald,hbownassod@wikispaces.com,673-635-0290,10/28/2023
Noelle,nstrongeoe@symantec.com,583-538-7599,7/15/2023
Daisey,dgalletleyof@uol.com.br,157-787-0982,8/18/2023
Danita,dguyersog@census.gov,361-931-0160,8/16/2023
Odilia,ofeareoh@typepad.com,813-993-1490,10/5/2023
Nicki,ncretneyoi@disqus.com,149-634-8354,7/28/2023
Brendon,bfrickeoj@latimes.com,916-237-3294,1/20/2024
Kesley,kchittendenok@mashable.com,677-327-1200,2/4/2024
Chanda,cbromleyol@ezinearticles.com,202-136-2897,11/18/2023
Marlane,morwinom@mysql.com,334-153-7176,6/17/2023
Thekla,tdjekovicon@odnoklassniki.ru,342-142-4185,6/1/2023
Consuela,cgoddmanoo@wordpress.com,130-740-9839,7/7/2023
Audrie,aburdfieldop@wiley.com,374-136-4225,11/20/2023
Katerine,kgoreoq@buzzfeed.com,591-690-0562,9/20/2023
Consalve,cedgingtonor@nba.com,762-305-8481,4/22/2023
Pepi,pwitheringtonos@shop-pro.jp,651-613-1020,3/1/2024
Orran,ohefferanot@apple.com,734-945-1576,2/1/2024
Ruttger,rovesenou@yahoo.co.jp,284-585-9393,1/17/2024
Adolf,athorbyov@gizmodo.com,747-851-3804,6/30/2023
Bobina,bbickow@harvard.edu,769-621-1430,4/7/2023
Josy,jedsonox@vkontakte.ru,865-542-7805,4/25/2023
Rana,rcolkettoy@wikispaces.com,975-595-0838,2/10/2024
Maximilian,mdanieleoz@umich.edu,711-403-3414,2/17/2024
Gustavo,gishakip0@ca.gov,888-378-7072,9/19/2023
Yankee,ydecastelainp1@cornell.edu,216-162-9322,3/28/2023
Torrence,tjanssenp2@google.de,338-748-8615,9/5/2023
Dar,dcaplisp3@webs.com,955-651-1875,10/12/2023
Rube,rmorrelp4@newyorker.com,973-246-4486,12/1/2023
Berny,bgatehousep5@mayoclinic.com,652-107-8389,1/15/2024
Trista,tgrishaginp6@t.co,825-396-7341,7/16/2023
Leelah,lmcgoochp7@senate.gov,226-435-0621,11/17/2023
Donetta,dvedmorep8@nationalgeographic.com,510-358-3832,5/23/2023
Rosella,rsoonhousep9@noaa.gov,339-462-7327,10/5/2023
Twila,tgilroypa@addtoany.com,712-947-8058,7/9/2023
Jacquie,jpearlepb@soundcloud.com,572-215-6900,7/2/2023
Bendicty,bhowsinpc@nyu.edu,998-406-2467,6/29/2023
Ruby,rbaccuppd@printfriendly.com,702-281-5284,3/3/2024
Jody,jgiacovazzope@mail.ru,346-189-9222,6/17/2023
Isabeau,imacglorypf@google.pl,245-690-2714,12/13/2023
Gus,gscolepg@twitpic.com,613-562-2653,8/14/2023
Corie,cgrimph@cmu.edu,142-755-2006,9/3/2023
Anderson,achishullpi@bloglovin.com,402-568-9255,9/18/2023
Justin,jlaprepj@mail.ru,468-528-6626,7/20/2023
Sander,shobellpk@liveinternet.ru,545-552-1815,6/3/2023
Mendy,mhayespl@google.ca,441-488-3323,3/24/2023
Rosabelle,rbrastedpm@illinois.edu,642-383-9345,9/10/2023
Marguerite,mbatepn@i2i.jp,678-206-0343,9/27/2023
Shannen,spatientpo@issuu.com,619-559-1410,2/9/2024
Talia,ttimmispp@behance.net,736-326-5211,2/26/2024
Osborne,obustpq@clickbank.net,496-796-9942,4/6/2023
Rochell,rhallowellpr@time.com,563-139-1621,12/9/2023
Ricki,rkyndps@shinystat.com,884-376-0640,1/11/2024
Ansel,abeinckenpt@nature.com,203-167-4232,5/18/2023
Cinderella,cfleapu@woothemes.com,532-572-6071,5/26/2023
Hans,hgraserpv@gravatar.com,219-244-8349,4/8/2023
Terrel,tmilsteadpw@digg.com,968-708-3805,3/3/2024
Sascha,sblasgenpx@newsvine.com,230-141-0846,5/8/2023
Nikki,nsuttlingpy@behance.net,170-291-3549,9/20/2023
Granthem,gkixpz@discovery.com,816-550-1693,8/1/2023
Philipa,pscamwellq0@flickr.com,539-701-7923,10/21/2023
Brandon,btaffleyq1@freewebs.com,239-277-0763,1/31/2024
Nefen,ndombq2@intel.com,912-553-5953,2/22/2024
Yvor,yealamq3@youku.com,747-722-6589,4/11/2023
Felizio,ffavelq4@ox.ac.uk,515-260-4774,8/2/2023
Barnaby,baskinq5@economist.com,969-897-0566,9/22/2023
Tiena,tkorbaq6@i2i.jp,509-159-1347,12/14/2023
Aldo,ajilesq7@ezinearticles.com,508-255-6375,11/12/2023
Koren,kyitzhakq8@t.co,415-972-0554,11/26/2023
Philbert,pklimekq9@fotki.com,687-950-8254,10/1/2023
Orran,obalcockqa@sogou.com,709-815-8250,10/13/2023
Loren,ljanewqb@e-recht24.de,684-257-3685,6/17/2023
Priscilla,pbachnicqc@ow.ly,770-490-0169,1/25/2024
Lesley,lribouqd@microsoft.com,848-798-0444,8/6/2023
Darline,dradnageqe@wufoo.com,564-119-0272,4/13/2023
Aggie,atrickerqf@blogs.com,446-649-2014,8/29/2023
Juliane,jrackqg@forbes.com,530-289-1716,10/14/2023
Brina,bjoskovitchqh@typepad.com,186-344-7813,11/17/2023
Goldarina,gtubridyqi@newyorker.com,786-564-0170,7/30/2023
Scottie,salexsandrovqj@thetimes.co.uk,602-180-2238,4/27/2023
Pepe,pdownerqk@eepurl.com,181-769-5719,3/30/2023
Hercule,hcarruthersql@google.ru,656-758-7415,10/24/2023
Jude,jairsqm@home.pl,967-705-2110,4/9/2023
Mohammed,mzorziniqn@mashable.com,529-632-5452,7/23/2023
Ber,bgatrillqo@hubpages.com,325-720-8178,9/13/2023
Freddie,fgoodhallqp@statcounter.com,637-408-7045,12/10/2023
Jacenta,jlattkaqq@technorati.com,972-975-9700,8/26/2023
Vinson,vingrahamqr@aboutads.info,596-369-8097,5/26/2023
Bronnie,bspeekqs@forbes.com,917-250-4308,5/11/2023
Hymie,hditerqt@ebay.com,594-620-8688,11/10/2023
Corbett,cphilipsenqu@arstechnica.com,817-585-0903,2/27/2024
Norby,nbonnaireqv@icq.com,899-374-6969,11/15/2023
Herby,hrayeqw@pinterest.com,768-550-1569,12/2/2023
Shaun,sfonsoqx@omniture.com,599-700-2161,5/7/2023
Winslow,wmintoffqy@si.edu,619-406-1050,12/21/2023
Armando,abarckeqz@shinystat.com,977-312-4146,7/18/2023
Robinet,rhitzker0@admin.ch,137-253-6683,1/17/2024
Willabella,wmerrissonr1@engadget.com,806-272-2290,7/2/2023
Adria,agounodr2@studiopress.com,759-483-6483,9/5/2023
Angela,afynesr3@howstuffworks.com,662-906-8003,4/12/2023
Elisha,elokierr4@ameblo.jp,848-880-8752,3/9/2024
Conchita,coramr5@wunderground.com,686-321-7006,4/15/2023
Quinta,qdodridger6@google.ru,135-979-8661,1/4/2024
Sybyl,soakinfoldr7@behance.net,888-821-5936,6/15/2023
Ruprecht,rbiernackir8@bbc.co.uk,826-221-6717,6/10/2023
Janeva,jcounihanr9@home.pl,801-865-9367,12/27/2023
Trudy,tiveryra@xing.com,295-727-7014,9/6/2023
Sadella,sgaltonerb@tinyurl.com,884-360-4500,6/1/2023
Natassia,nmccreaghrc@tinypic.com,510-128-0605,4/5/2023
Carolus,cwaddicorrd@netvibes.com,847-128-6169,5/4/2023
Mathew,mmccarrickre@e-recht24.de,565-506-6793,8/3/2023
Rina,rmyhillrf@gov.uk,646-374-1003,12/29/2023
Jens,jellingsworthrg@behance.net,659-773-4207,12/20/2023
Erek,egattyrh@networksolutions.com,378-847-0386,1/22/2024
Stanwood,sallmenri@issuu.com,296-778-8116,7/28/2023
Ernaline,emenhenittrj@ustream.tv,662-185-9904,6/10/2023
Beckie,bivanilovrk@sakura.ne.jp,425-621-2260,7/27/2023
Coralie,cpersichrl@xing.com,436-331-2954,8/13/2023
Mella,mantoninrm@imageshack.us,642-683-2538,1/20/2024
Marten,mpotierrn@networksolutions.com,598-923-2423,7/21/2023
Alfi,asarlro@sogou.com,218-419-3090,11/18/2023
Theodosia,tsprullsrp@apache.org,116-944-1251,10/26/2023
Archaimbaud,asantarellirq@biblegateway.com,215-129-0938,8/19/2023
Sully,ssemradrr@dagondesign.com,714-288-7202,11/4/2023
